Route_Type,Afternoon,Evening,Morning,Night
Long-Haul,33.886149003147956,40.59382239382239,42.35353086419753,32.272493765586034
Other,22.0,26.4,27.5,20.9
Short-Haul,20.0,24.0,25.0,19.0
Ultra Long-Haul,38.5,46.2,48.13,36.57
