Route_Type,Afternoon,Evening,Morning,Night
Long-Haul,5.647691500524659,6.765637065637066,7.060888888888888,5.3779551122194516
Other,3.0,3.6000000000000005,3.75,2.85
Short-Haul,2.0,2.4,2.5,1.9
Ultra Long-Haul,8.8,10.56,11.0,8.36
