Route_Type,Afternoon,Evening,Morning,Night
Long-Haul,16.943074501573978,20.296911196911196,21.176765432098765,16.140374064837903
Other,10.0,12.0,12.5,9.5
Short-Haul,8.0,9.6,10.0,7.6
Ultra Long-Haul,22.0,26.4,27.5,20.9
